,manufacturer,transmission,fuel_type,cylinders,wheels,msrp,style,model,year,horsepower,doors,market_category,size,highwaympg,citympg,popularity
1104,3,2,6,8,1,71400,2,17,3,445,4,7,2,24,16,3916
1025,10,4,7,6,2,27240,9,55,3,261,4,6,1,21,16,2009
517,11,2,7,4,3,33950,11,105,3,240,4,9,3,37,25,870
1519,2,1,6,4,1,48650,11,101,4,292,4,4,1,31,23,3105
765,11,2,7,6,1,51050,3,134,4,325,4,1,3,23,17,870
614,11,2,7,4,3,40950,3,134,5,240,4,1,3,30,23,870
138,10,2,7,6,4,23940,9,55,4,261,4,6,1,22,16,2009
1413,3,2,6,8,1,67200,11,16,3,443,4,9,2,25,16,3916
1472,7,2,7,4,3,29895,11,21,3,184,4,6,3,40,28,586
1408,10,2,5,4,1,22100,2,65,4,188,4,1,1,31,26,2009
690,10,2,5,4,1,24150,2,65,4,188,4,1,1,31,26,2009
1507,4,2,7,6,1,34760,11,9,4,292,4,6,2,27,18,1013
1221,2,4,6,10,1,190600,5,95,3,550,2,9,1,19,12,3105
1374,10,2,7,4,3,15480,2,126,5,109,4,7,1,39,31,2009
1328,7,2,7,4,3,22895,11,21,3,184,4,6,3,38,26,586
874,10,2,7,6,3,32090,11,37,4,270,4,10,3,32,22,2009
445,9,2,7,4,3,23195,3,87,3,166,4,1,3,31,25,436
1335,3,2,5,6,4,49050,5,4,5,335,2,4,1,32,21,3916
206,8,2,6,4,1,41275,11,40,4,241,4,9,3,31,24,617
668,8,2,6,8,2,119900,3,56,4,416,4,9,3,14,13,617
1682,9,2,7,4,3,22495,3,88,4,168,4,1,1,28,23,436
927,3,2,6,4,1,39500,11,7,3,240,4,9,3,33,22,3916
462,8,2,6,4,4,47950,5,112,5,241,2,9,1,32,25,617
446,2,2,1,6,1,85200,11,31,4,240,4,2,2,36,24,3105
1464,2,1,5,4,3,45900,11,26,5,252,4,9,3,33,25,3105
895,2,4,6,10,1,164700,5,95,2,525,2,9,1,19,12,3105
813,4,2,4,6,3,35315,10,122,3,283,4,5,3,25,17,1013
1342,11,2,7,6,1,43950,11,109,3,300,4,9,3,28,19,870
1397,8,2,6,8,1,101700,11,52,4,577,4,4,3,22,15,617
1288,2,2,6,4,1,39700,11,26,3,220,4,9,3,31,22,3105
1321,2,1,5,4,1,37700,11,25,4,220,4,9,1,33,24,3105
1527,2,2,6,8,1,90500,11,31,4,450,4,9,2,29,18,3105
331,10,2,7,6,2,29170,8,55,5,261,4,6,1,21,15,2009
870,9,2,7,4,1,21095,11,66,5,168,4,6,1,30,23,436
1685,10,2,7,8,4,31790,9,121,2,317,4,5,2,18,13,2009
1757,8,2,6,12,4,219850,5,111,5,621,2,4,1,21,14,617
1333,7,4,7,4,3,25545,2,6,3,184,4,7,1,35,26,586
45,2,1,5,4,1,43500,7,118,5,220,2,9,1,30,23,3105
370,2,1,5,4,3,46200,11,29,4,252,4,9,3,35,24,3105
514,10,2,6,6,4,43290,7,10,4,350,2,4,1,26,19,2009
1044,11,2,7,6,1,49200,12,123,4,325,4,9,3,27,18,870
1670,8,2,6,6,1,69400,11,45,4,329,4,9,3,26,19,617
1474,11,2,7,5,3,41200,5,42,1,227,2,9,1,28,19,870
33,7,4,7,4,3,21545,3,47,3,155,4,1,3,35,26,586
700,8,2,6,8,4,72800,11,40,5,503,4,4,3,24,18,617
581,9,2,7,4,3,24195,3,87,3,166,4,1,3,31,25,436
268,10,4,7,4,4,21970,9,55,3,152,4,6,1,23,19,2009
551,10,2,7,6,2,32890,8,55,4,261,4,6,1,21,15,2009
540,7,2,7,4,3,24895,11,6,3,184,4,10,1,39,28,586
808,3,2,6,6,4,84300,11,36,2,350,4,9,2,30,22,3916
1514,8,1,6,4,1,33300,3,58,3,208,4,1,1,32,24,617
1545,8,2,6,6,4,85050,5,111,4,329,2,9,1,27,20,617
234,5,4,5,4,3,21395,5,18,4,101,2,6,1,40,31,819
1555,4,2,7,6,4,32260,11,9,4,292,4,6,2,31,19,1013
1403,10,2,7,4,3,22500,11,37,4,182,4,6,3,39,27,2009
649,10,2,7,4,3,14130,11,125,5,109,4,6,1,39,31,2009
961,10,4,7,6,2,32340,8,55,5,261,4,6,1,21,16,2009
1382,3,2,6,6,1,63700,3,132,5,300,4,1,3,24,18,3916
1534,11,2,7,6,1,37550,12,135,3,240,4,1,3,25,18,870
387,3,2,6,8,1,72500,2,17,5,445,4,7,2,24,15,3916
509,2,1,6,6,1,61100,5,103,5,333,2,4,3,26,18,3105
636,8,2,6,8,1,75700,11,45,3,402,4,9,3,24,17,617
1339,3,2,6,8,4,94900,5,22,3,445,2,9,3,25,17,3916
41,10,2,5,4,3,25240,2,65,4,188,4,1,1,32,28,2009
1738,4,2,7,6,3,34495,10,89,5,287,4,6,3,28,18,1013
444,5,4,5,4,3,20400,1,18,3,101,2,7,1,40,31,819
1565,11,2,7,5,1,35650,11,105,4,250,4,9,3,29,20,870
286,3,1,6,6,4,133205,7,73,4,493,2,4,3,23,16,3916
167,7,4,7,4,3,16210,2,3,1,100,4,7,1,35,29,586
1337,2,4,6,10,1,166100,5,95,3,525,2,9,1,19,12,3105
1456,4,2,4,4,3,26685,11,5,5,184,4,5,3,36,23,1013
1604,10,2,7,6,4,24520,9,55,4,261,4,6,1,22,16,2009
1229,3,2,6,4,1,44700,3,129,3,240,4,1,3,28,20,3916
1714,10,2,7,8,4,42680,3,38,2,317,4,5,2,19,13,2009
1481,3,2,6,4,1,50750,5,11,3,240,2,9,3,33,21,3916
971,8,2,6,4,1,54650,11,52,5,241,4,9,3,29,22,617
112,3,2,6,8,1,76100,3,132,5,445,4,1,3,21,15,3916
968,3,2,6,6,1,57000,3,130,4,300,4,1,3,24,18,3916
1678,5,4,5,4,3,20345,5,18,3,101,2,6,1,34,28,819
321,7,2,5,4,4,27505,5,77,3,158,2,10,1,28,21,586
1210,4,2,7,6,4,35595,11,9,4,300,4,10,2,31,19,1013
1560,5,4,5,4,3,20000,3,20,4,160,4,1,1,34,25,819
1432,7,2,5,4,4,26230,5,77,3,158,2,10,1,28,21,586
10,10,2,6,6,4,38370,7,10,3,332,2,8,1,26,19,2009
1722,10,4,5,4,3,21990,11,117,5,188,4,6,3,32,26,2009
86,4,2,4,6,1,29370,11,5,3,295,4,5,3,29,18,1013
342,2,2,5,4,1,38500,3,91,3,200,4,1,1,28,20,3105
932,11,2,5,4,1,65700,3,136,4,316,4,1,2,25,20,870
1781,2,2,1,6,1,58700,11,29,3,240,4,2,3,38,24,3105
1154,3,2,5,4,1,52300,5,11,5,248,2,9,3,32,22,3916
1106,2,1,5,4,1,38600,5,25,3,220,2,9,1,32,23,3105
91,10,2,7,8,2,40700,8,121,5,390,4,6,2,21,15,2009
469,8,2,6,12,4,166900,11,100,3,523,4,9,2,21,12,617
1148,3,1,6,8,4,92900,11,74,2,552,4,4,2,20,14,3916
1658,8,2,5,4,1,41150,3,59,5,241,4,1,3,28,21,617
797,2,1,5,4,1,47000,12,27,5,252,4,9,3,28,23,3105
1178,11,2,7,4,3,39850,3,134,4,240,4,1,3,31,23,870
1402,3,2,6,6,4,54900,5,11,3,300,2,9,3,31,20,3916
225,9,1,6,4,1,29495,11,66,3,237,4,10,1,25,18,436
1736,10,2,7,6,1,31340,3,84,4,260,4,1,3,28,21,2009
1347,7,2,7,6,3,35035,3,48,3,273,4,1,2,24,17,586
102,4,2,4,6,3,31875,10,122,4,283,4,5,3,25,17,1013
715,3,2,6,4,1,42750,7,11,3,240,2,9,3,33,22,3916
1054,8,1,6,4,1,48500,11,44,3,355,4,4,3,31,23,617
664,8,2,6,8,4,106700,5,111,3,429,2,9,1,24,17,617
821,10,2,5,4,3,25240,2,65,3,188,4,1,1,32,28,2009
124,10,2,6,6,4,46570,5,10,5,332,2,8,1,25,18,2009
1158,10,2,7,4,1,24680,3,98,4,170,4,1,3,32,25,2009
834,7,2,7,4,3,25795,11,6,4,184,4,10,1,39,28,586
1715,3,2,6,8,1,94000,11,24,3,445,4,9,2,24,16,3916
270,10,2,7,4,3,21500,11,117,5,124,4,6,3,37,29,2009
166,11,2,7,6,1,45400,12,123,3,325,4,9,3,28,19,870
1036,10,2,7,8,2,52550,3,38,5,390,4,6,2,18,13,2009
207,11,2,5,4,3,49350,3,136,4,250,4,1,2,26,22,870
1157,7,2,7,6,3,32480,3,48,2,273,4,1,2,24,17,586
1113,7,4,7,4,3,22745,11,6,3,155,4,6,1,41,29,586
603,2,1,5,4,3,29900,11,25,3,170,4,9,1,33,23,3105
144,8,2,6,6,1,65200,3,57,4,362,4,1,2,21,17,617
88,10,4,6,6,4,33570,7,10,5,332,2,8,1,26,18,2009
447,11,2,7,4,3,48375,11,109,4,240,4,9,3,37,25,870
1818,10,2,7,8,2,45580,3,38,2,317,4,5,2,18,12,2009
363,2,1,5,4,1,41150,5,25,3,220,2,9,1,32,23,3105
1562,3,2,6,6,4,50150,11,7,3,335,4,9,3,33,25,3916
52,2,1,5,4,1,41650,11,25,3,220,4,9,1,33,24,3105
1616,9,1,6,4,1,38195,11,67,2,291,4,4,1,22,17,436
1304,2,2,6,4,1,39300,3,92,3,220,4,1,3,28,20,3105
762,3,2,6,8,4,128300,11,33,2,540,4,4,2,25,16,3916
1661,10,2,7,6,3,27990,11,37,5,270,4,10,3,32,22,2009
1648,10,2,7,8,4,57590,3,38,5,390,4,6,2,19,14,2009
1384,8,2,6,6,4,47270,3,69,1,302,4,1,3,23,18,617
1100,5,4,5,4,3,16845,1,18,3,101,2,7,1,40,31,819
709,8,2,6,8,4,70850,5,113,3,415,2,4,1,28,19,617
85,7,2,7,4,3,27820,3,47,2,184,4,1,3,32,25,586
353,3,4,6,6,4,31500,7,1,1,230,2,9,1,28,19,3916
226,8,2,6,8,1,96100,3,69,1,518,4,1,3,17,13,617
235,3,2,6,4,1,52000,5,11,4,240,2,9,3,33,21,3916
309,3,2,6,6,1,49650,2,8,5,320,4,7,3,30,20,3916
1422,7,4,7,4,3,20445,11,6,5,155,4,6,3,37,27,586
1566,10,2,7,4,3,22900,11,37,5,179,4,6,3,39,27,2009
903,8,2,6,8,4,74100,11,45,4,402,4,9,3,26,17,617
215,3,2,6,4,1,52250,11,16,3,241,4,9,2,33,22,3916
489,10,2,7,6,2,43300,3,90,4,260,4,1,2,26,19,2009
1708,11,2,7,6,1,51050,3,134,3,325,4,1,3,24,17,870
780,8,2,1,6,1,51790,3,69,2,240,4,1,3,28,20,617
1320,2,1,6,4,1,52500,7,120,5,292,2,4,1,27,23,3105
312,3,2,6,4,4,39250,3,128,5,240,4,1,3,28,21,3916
479,11,2,7,4,3,39450,11,105,4,302,4,9,3,33,23,870
1274,3,2,6,6,1,79100,7,22,3,315,2,9,3,29,20,3916
626,8,2,6,6,4,59200,5,113,4,302,2,9,1,29,21,617
1406,8,2,6,8,4,149700,5,111,4,577,2,4,1,25,16,617
1644,7,4,7,4,3,21395,3,47,2,155,4,1,3,35,26,586
1004,10,4,7,4,4,22180,9,55,4,152,4,6,1,23,19,2009
1187,7,2,7,4,3,21960,3,46,5,146,4,1,1,34,29,586
348,3,2,6,8,4,89600,11,23,3,445,4,9,2,25,17,3916
77,10,2,7,6,2,26900,3,137,1,261,4,6,3,20,15,2009
1457,10,2,5,4,1,26940,2,65,3,188,4,1,1,31,26,2009
1699,10,2,7,4,3,24490,3,98,3,170,4,1,3,33,26,2009
1138,4,2,4,6,3,40645,10,122,4,283,4,5,3,25,17,1013
651,2,2,6,6,1,68800,11,30,5,333,4,9,2,29,21,3105
240,10,4,6,6,4,48100,5,10,5,332,2,8,1,24,17,2009
1642,3,2,1,4,4,39850,11,7,4,180,4,2,3,42,32,3916
250,2,2,1,6,1,47500,3,92,3,240,4,1,3,31,24,3105
356,11,2,7,5,1,42050,12,135,4,250,4,1,3,26,19,870
1130,2,1,6,6,1,54100,7,103,4,333,2,4,3,28,18,3105
1352,9,4,7,3,3,14295,2,82,3,74,4,7,1,42,34,436
21,7,2,7,4,1,23210,3,46,4,146,4,1,1,32,27,586
850,3,2,6,6,1,82500,11,23,4,315,4,9,2,29,20,3916
1799,2,2,1,6,1,68300,11,30,3,240,4,2,2,38,24,3105
1277,8,2,6,12,4,234050,7,100,4,621,2,4,2,20,13,617
415,3,2,6,6,1,57900,11,16,3,302,4,9,2,29,20,3916
1814,3,2,6,4,1,43850,7,11,4,240,2,9,3,34,22,3916
195,4,2,7,6,3,37895,10,89,5,287,4,6,3,28,18,1013
25,2,2,6,8,1,114900,11,108,4,605,4,4,2,25,15,3105
56,3,2,6,8,1,72500,2,17,4,445,4,7,2,24,16,3916
1013,10,2,7,8,2,45020,8,121,5,390,4,6,2,20,15,2009
1133,10,2,7,6,4,26630,8,55,5,261,4,6,1,23,16,2009
1145,3,2,6,8,1,102200,3,133,5,567,4,1,3,19,14,3916
814,2,1,6,10,1,160300,7,95,2,525,2,9,1,22,13,3105
1355,3,4,6,6,4,51700,7,70,4,365,2,4,1,26,18,3916
806,10,2,7,6,3,32800,3,84,5,260,4,1,3,28,21,2009
1097,3,2,6,4,4,38500,3,128,3,240,4,1,3,28,21,3916
963,8,2,6,6,1,39900,3,62,3,302,4,1,3,25,18,617
384,2,4,6,4,1,36400,11,26,3,220,4,9,3,32,22,3105
898,4,2,4,4,3,24490,11,5,5,184,4,5,3,36,23,1013
865,2,2,6,4,1,47900,5,28,4,220,2,9,3,29,21,3105
1594,10,2,7,6,3,42870,10,94,2,260,4,6,1,25,19,2009
975,3,2,6,6,4,60700,2,17,3,300,4,7,2,28,19,3916
1579,10,4,7,4,3,16990,11,117,5,130,4,6,3,35,27,2009
952,3,2,6,8,1,97600,11,24,5,445,4,9,2,25,16,3916
1688,3,2,6,8,1,97400,11,24,4,445,4,9,2,25,16,3916
868,8,2,6,8,1,103200,12,52,3,577,4,4,3,21,15,617
611,3,2,6,6,4,55850,11,16,4,302,4,9,2,31,20,3916
1180,7,2,5,4,4,29265,5,77,3,158,2,10,1,28,21,586
1528,3,2,6,6,1,49700,3,129,4,300,4,1,3,27,19,3916
426,4,2,7,6,3,42495,10,89,5,287,4,10,3,28,18,1013
1561,5,4,5,4,3,23395,12,19,4,160,4,6,1,33,25,819
98,2,2,1,6,1,63700,11,29,4,240,4,2,3,38,25,3105
1140,2,1,5,4,1,48450,5,25,4,220,2,9,1,32,23,3105
909,8,2,6,6,1,59000,12,52,3,302,4,9,3,27,20,617
163,10,2,7,4,3,16330,2,126,3,109,4,7,1,40,31,2009
11,10,2,7,6,4,32510,8,55,5,261,4,6,1,23,16,2009
2,5,4,5,4,3,19345,12,19,3,160,4,6,1,33,25,819
386,2,1,6,6,1,49500,11,102,2,333,4,4,3,28,18,3105
1263,11,2,7,5,1,37650,12,123,4,250,4,9,3,29,20,870
1675,4,2,7,6,4,42690,11,9,4,292,4,10,2,31,19,1013
1194,2,2,3,4,1,43150,3,92,5,220,4,1,3,27,20,3105
1543,8,2,6,6,1,55600,11,52,4,302,4,9,3,28,20,617
503,8,2,6,8,1,144700,11,100,5,577,4,4,2,23,15,617
322,10,2,7,6,1,31160,3,84,3,260,4,1,3,28,21,2009
1306,9,2,7,4,3,21295,3,88,3,168,4,1,1,28,23,436
988,3,2,6,6,1,57800,3,129,4,360,4,1,3,25,18,3916
1420,7,2,7,6,3,29985,3,48,2,273,4,1,2,24,17,586
75,8,2,6,6,1,39480,3,62,2,302,4,1,3,24,19,617
1005,2,2,5,4,1,34600,3,91,3,200,4,1,1,28,20,3105
404,10,2,7,4,3,17380,11,117,3,130,4,6,3,39,30,2009
1803,2,1,5,4,3,34450,11,25,5,186,4,9,1,35,26,3105
1120,2,1,5,4,3,47600,11,29,5,252,4,9,3,34,24,3105
1636,8,4,6,4,4,43950,5,113,3,201,2,9,1,32,22,617
1109,10,2,7,4,4,22160,9,55,5,152,4,6,1,22,17,2009
188,11,2,7,4,3,40250,3,134,3,240,4,1,3,31,24,870
1498,3,2,6,8,1,70100,3,130,3,445,4,1,3,22,15,3916
1414,10,4,5,4,3,24830,2,65,5,188,4,1,1,33,27,2009
1376,4,2,7,6,1,37570,11,9,3,300,4,6,2,27,18,1013
1002,3,2,6,8,4,91200,11,23,5,445,4,9,2,24,17,3916
1702,10,2,7,8,2,38170,9,121,3,317,4,5,2,17,12,2009
1173,10,2,6,6,4,41820,5,10,4,332,2,8,1,25,18,2009
3,2,2,6,4,1,50200,5,28,4,220,2,9,3,29,21,3105
269,11,2,7,6,1,45550,3,134,3,300,4,1,3,24,17,870
318,3,2,6,4,1,40350,11,7,4,240,4,9,3,34,22,3916
872,11,2,5,4,1,53250,3,136,4,250,4,1,2,25,22,870
725,3,2,6,6,1,56900,5,11,3,300,2,9,3,29,20,3916
1704,3,2,6,6,4,60600,3,132,4,300,4,1,3,25,18,3916
455,8,1,6,4,3,31500,11,44,3,208,4,9,3,38,26,617
393,3,2,1,6,4,57100,11,16,3,255,4,2,2,38,26,3916
1623,10,2,7,6,4,22940,3,137,1,261,4,6,3,22,16,2009
769,2,2,5,4,1,44800,12,139,4,220,4,9,3,28,21,3105
722,4,2,7,6,1,34195,11,9,3,292,4,6,2,27,18,1013
199,9,2,7,3,3,14945,2,82,3,74,4,7,1,44,37,436
76,3,2,6,6,1,57800,3,130,5,300,4,1,3,24,18,3916
357,6,1,6,8,4,288000,7,13,2,597,2,3,1,17,13,2774
1303,11,2,7,6,1,61300,12,123,4,345,4,4,3,27,18,870
1156,2,1,1,4,3,32600,11,25,3,150,4,2,1,43,31,3105
1325,7,4,7,4,3,17845,11,6,4,155,4,6,1,41,29,586
187,3,2,6,6,1,56200,3,130,3,300,4,1,3,27,18,3916
1081,3,4,6,6,4,63500,11,71,4,425,4,4,3,26,17,3916
1030,2,1,6,8,1,69600,7,96,2,450,2,4,3,23,16,3105
513,2,1,6,6,1,54100,7,103,5,333,2,4,3,28,18,3105
1348,10,2,6,6,4,46790,7,10,4,350,2,4,1,26,19,2009
1251,10,2,6,6,4,46790,7,10,3,350,2,4,1,26,19,2009
1631,10,2,6,6,4,39270,7,10,3,332,2,8,1,26,19,2009
1206,8,2,6,8,1,89950,3,57,4,429,4,1,2,18,13,617
1637,7,4,7,4,3,21945,11,21,5,184,4,6,3,34,24,586
82,8,2,1,4,4,51800,11,52,3,195,4,2,3,42,28,617
906,3,2,1,6,1,59400,11,16,3,255,4,2,2,37,26,3916
14,5,4,5,4,3,24700,5,18,3,101,2,6,1,34,28,819
840,7,4,7,4,3,19940,10,15,1,157,4,6,1,28,21,586
216,10,2,7,6,2,31640,3,137,3,261,4,6,3,20,15,2009
220,7,2,7,4,3,22245,2,6,5,155,4,7,1,37,28,586
767,8,2,6,6,1,59900,12,52,4,302,4,9,3,27,20,617
336,8,2,6,6,1,68700,3,63,5,362,4,1,2,22,17,617
158,7,4,7,4,3,23245,2,6,3,155,4,7,1,40,29,586
1731,3,2,6,4,1,42750,7,11,3,240,2,9,3,33,22,3916
9,9,2,7,4,2,22195,3,88,3,148,4,1,1,30,24,436
640,8,2,6,6,4,37480,3,62,2,302,4,1,3,25,19,617
349,8,2,6,4,1,34850,3,58,5,208,4,1,1,31,23,617
1548,2,2,6,6,1,70950,11,30,4,333,4,9,2,30,20,3105
871,8,2,6,8,1,64550,3,57,2,362,4,1,2,19,14,617
1383,8,2,6,6,4,37090,3,62,1,302,4,1,3,25,19,617
980,8,2,6,8,1,143250,11,100,4,577,4,4,2,23,15,617
178,8,2,6,12,4,214500,5,111,3,621,2,4,1,21,14,617
1377,2,2,1,6,1,59500,11,29,4,240,4,2,3,38,25,3105
1815,2,2,5,4,3,32500,3,91,3,200,4,1,1,29,20,3105
647,9,4,7,3,3,14195,2,82,2,74,4,7,1,42,34,436
1351,8,2,6,8,4,67750,5,52,3,402,2,9,3,26,17,617
846,10,2,7,4,3,13680,11,125,5,109,4,6,1,35,26,2009
374,8,2,6,8,4,62950,7,40,3,451,2,4,1,19,13,617
752,2,1,6,4,1,47000,11,101,3,292,4,4,1,31,23,3105
897,10,2,7,8,4,50780,3,38,3,317,4,6,2,19,13,2009
1828,2,2,6,6,1,69750,11,30,3,310,4,9,2,28,18,3105
466,10,2,5,4,3,22300,2,65,3,188,4,1,1,32,28,2009
698,8,2,6,4,4,52150,11,52,5,241,4,9,3,30,22,617
1493,11,2,7,6,1,46950,3,134,3,325,4,1,3,24,17,870
1772,3,1,6,8,4,111900,7,75,3,560,2,4,3,20,14,3916
1265,2,2,6,8,1,110700,11,97,5,560,4,4,2,25,15,3105
1205,10,2,7,4,3,22900,11,37,4,182,4,6,3,39,27,2009
437,8,2,6,8,2,115400,3,56,3,382,4,9,3,15,12,617
345,7,2,7,4,3,21140,10,15,2,157,4,6,1,28,22,586
1827,8,2,1,6,1,51270,3,69,1,240,4,1,3,28,20,617
397,7,2,7,4,3,19960,3,46,4,146,4,1,1,35,29,586
548,10,2,6,6,4,41820,5,10,3,332,2,8,1,25,18,2009
757,2,1,5,4,1,43150,11,25,5,220,4,9,1,35,26,3105
1404,11,4,7,5,3,27850,1,41,1,227,2,7,1,29,21,870
313,7,4,5,4,4,29450,5,77,2,167,2,10,1,28,21,586
298,8,2,6,8,1,109300,3,61,4,577,4,1,3,18,14,617
949,10,2,7,6,3,36950,3,84,3,260,4,1,3,28,21,2009
1677,5,4,5,4,3,21880,12,19,4,160,4,6,1,33,25,819
406,3,2,6,6,1,81000,11,24,3,315,4,9,2,28,19,3916
773,10,2,7,4,3,24720,11,37,3,182,4,6,3,38,27,2009
566,10,2,7,6,3,39180,3,84,4,260,4,1,3,28,21,2009
1199,3,2,6,8,4,89000,7,22,5,445,2,9,3,24,17,3916
901,8,1,6,8,4,228080,5,115,3,583,2,3,1,19,13,617
920,10,2,7,8,4,29360,9,121,2,317,4,5,2,18,13,2009
1115,8,2,6,4,4,39500,11,40,5,241,4,9,3,34,24,617
1063,8,2,6,4,1,42575,11,40,3,241,4,9,3,27,19,617
61,7,2,7,4,1,26465,3,47,4,184,4,1,3,30,24,586
592,10,2,7,6,4,24620,9,55,5,261,4,6,1,23,16,2009
1195,10,2,7,4,3,18350,11,117,3,130,4,6,3,39,30,2009
1308,2,1,6,4,1,51700,5,120,3,265,2,4,1,31,22,3105
914,8,2,6,8,4,71900,11,40,3,503,4,4,3,25,18,617
1001,2,1,6,10,1,179645,7,95,2,550,2,9,1,22,13,3105
1122,8,2,6,8,4,60650,7,52,5,402,2,9,3,26,18,617
1723,11,2,7,4,3,40550,12,135,4,240,4,1,3,31,23,870
1076,4,2,4,6,3,31465,10,122,3,283,4,5,3,25,17,1013
130,10,2,7,4,3,13990,11,125,3,109,4,6,1,40,31,2009
1248,3,2,6,8,1,131300,11,33,2,540,4,4,2,24,16,3916
862,8,2,6,8,4,154600,7,43,2,536,2,4,2,22,15,617
1160,10,2,7,6,2,32560,8,55,3,261,4,6,1,21,15,2009
80,4,2,4,6,3,37945,10,122,3,283,4,5,3,25,17,1013
83,8,2,6,4,3,32850,3,58,5,208,4,1,1,33,24,617
1235,7,2,7,4,3,24470,10,15,1,157,4,6,1,28,22,586
1073,10,2,5,6,3,34590,11,78,5,300,4,8,3,30,21,2009
886,2,1,5,4,3,51600,11,29,5,252,4,9,3,354,24,3105
646,3,2,6,8,1,75300,3,132,4,445,4,1,3,21,15,3916
491,2,1,1,4,3,41050,11,25,3,150,4,2,1,43,31,3105
64,8,2,6,8,1,89950,3,57,3,429,4,1,2,18,13,617
534,10,2,7,4,3,25240,3,98,5,170,4,1,3,33,26,2009
962,7,4,7,4,3,23145,11,6,5,184,4,10,3,34,25,586
1146,3,2,5,4,4,33450,11,7,5,180,4,9,3,35,23,3916
1589,11,2,7,4,1,49450,12,123,4,302,4,9,3,31,22,870
1634,10,2,7,6,2,38100,3,90,4,260,4,1,2,26,19,2009
1350,1,1,6,4,4,63900,5,14,3,237,2,9,1,34,24,113
1767,10,2,7,6,2,31980,3,90,5,284,4,1,2,26,19,2009
523,7,2,7,4,3,22370,10,15,3,157,4,6,1,28,21,586
1034,10,2,7,4,1,29630,3,98,3,170,4,1,3,32,25,2009
642,3,2,1,4,1,44150,12,7,4,180,4,2,3,40,30,3916
991,8,2,6,6,1,53600,3,60,4,302,4,1,3,22,17,617
923,9,2,7,4,3,24995,3,87,4,166,4,1,3,31,25,436
907,7,2,7,4,3,26495,2,6,4,184,4,7,1,37,27,586
943,2,4,3,4,1,41200,7,28,5,220,2,5,3,32,23,3105
849,2,1,5,4,1,36900,11,25,4,220,4,9,1,33,24,3105
109,2,1,6,8,1,82900,11,107,5,450,4,4,2,27,17,3105
916,2,2,5,8,1,115900,11,108,5,605,4,4,2,24,15,3105
1226,7,2,7,4,3,24770,10,15,3,157,4,6,1,28,21,586
422,2,1,5,4,1,37450,11,25,5,220,4,9,1,35,26,3105
851,3,2,1,4,1,41850,11,7,4,180,4,2,3,40,30,3916
1349,10,2,7,4,3,18790,11,117,5,124,4,6,3,37,29,2009
1062,7,2,7,4,3,18895,11,6,5,155,4,6,3,37,28,586
1599,3,4,6,6,4,56950,5,138,2,300,2,9,1,26,19,3916
184,10,2,7,6,3,30280,10,94,3,260,4,6,1,27,20,2009
654,10,2,7,4,3,17960,2,126,3,109,4,7,1,40,31,2009
748,10,2,5,4,3,22300,2,65,4,188,4,1,1,32,28,2009
1805,2,2,5,4,1,49800,11,29,5,252,4,9,3,32,22,3105
1668,8,2,6,4,1,34400,11,44,5,208,4,9,3,32,23,617
847,2,2,6,6,1,52700,3,116,3,354,4,1,3,24,17,3105
181,10,2,5,4,1,26940,2,65,4,188,4,1,1,31,26,2009
1169,8,2,6,4,1,40950,11,40,4,241,4,9,3,31,24,617
582,8,2,6,6,1,56700,7,52,4,329,2,9,3,28,20,617
1373,11,2,7,6,1,45800,12,123,4,325,4,9,3,27,18,870
1666,8,2,6,6,1,54500,3,60,5,302,4,1,3,22,18,617
515,8,2,6,8,4,151350,5,111,5,577,2,4,1,25,16,617
1003,7,2,7,4,1,24045,3,47,2,155,4,1,3,31,25,586
142,3,2,5,6,1,51050,5,4,5,335,2,4,1,32,21,3916
892,3,2,6,8,1,131300,11,33,3,540,4,4,2,24,16,3916
790,8,2,6,8,4,67000,7,40,5,469,2,4,3,23,17,617
478,10,2,7,6,3,29780,3,90,3,260,4,1,2,27,20,2009
161,8,2,6,4,4,42650,7,40,5,241,2,9,3,30,23,617
1603,10,2,7,4,3,16380,2,126,4,109,4,7,1,40,31,2009
1558,11,2,7,4,3,45750,3,134,4,302,4,1,3,29,22,870
1743,2,2,3,4,1,48600,5,28,5,220,2,5,3,21,15,3105
1669,10,2,7,6,3,32810,3,90,3,260,4,1,2,27,20,2009
428,10,2,5,4,3,25240,2,65,5,188,4,1,1,32,28,2009
884,3,2,6,6,4,84300,11,36,3,335,4,9,2,30,22,3916
1618,3,2,1,4,1,42450,3,128,4,180,4,1,3,34,27,3916
596,10,2,7,8,2,34910,8,121,3,317,4,5,2,17,12,2009
1454,4,2,4,4,3,25170,11,5,3,184,4,5,3,36,23,1013
756,3,2,6,8,1,122200,11,32,4,600,4,4,2,24,15,3916
93,7,4,7,4,3,21495,11,21,4,184,4,6,3,37,25,586
1102,3,2,6,4,4,33150,11,7,4,180,4,9,3,36,24,3916
351,7,2,7,4,3,19995,2,6,3,155,4,7,1,40,30,586
1028,5,2,5,4,3,20995,12,19,5,160,4,6,1,30,22,819
162,3,2,6,4,4,48750,5,11,3,240,2,9,3,34,23,3916
1758,7,2,7,4,3,18895,11,6,4,155,4,6,1,41,30,586
1698,8,2,6,6,1,64850,11,52,3,329,4,9,3,28,20,617
888,10,2,7,6,3,29740,3,84,5,260,4,1,3,28,21,2009
613,2,1,6,8,1,77900,5,96,2,450,2,4,3,22,16,3105
1136,11,2,7,4,3,39650,3,134,3,240,4,1,3,31,24,870
1143,2,1,6,4,1,48700,7,120,3,265,2,4,1,31,22,3105
1483,10,2,7,4,3,17760,11,117,4,130,4,6,3,38,29,2009
156,10,4,7,4,4,18290,9,55,4,152,4,6,1,23,19,2009
1135,10,2,7,4,4,23020,9,55,3,152,4,6,1,23,17,2009
1530,3,4,6,6,4,39600,7,1,1,300,2,9,1,28,20,3916
1546,11,2,7,4,3,35950,12,123,3,240,4,9,3,37,25,870
264,11,2,7,4,3,33300,11,105,3,240,4,9,3,37,25,870
280,10,2,7,4,3,18710,2,126,5,109,4,7,1,39,31,2009
671,4,2,4,4,3,27795,11,5,5,184,4,5,3,36,23,1013
50,8,2,6,8,1,97400,11,100,3,449,4,9,2,26,16,617
526,10,2,7,4,4,23230,9,55,4,152,4,6,1,23,17,2009
1440,3,2,6,6,1,48000,3,129,3,300,4,1,3,27,19,3916
1068,8,2,1,4,1,39400,3,62,3,200,4,1,3,33,24,617
283,2,2,6,6,1,58800,3,93,5,333,4,1,2,25,19,3105
1809,8,2,6,12,4,169050,11,100,4,523,4,9,2,21,12,617
1323,10,2,7,6,3,36100,3,90,5,284,4,1,2,27,20,2009
1267,8,2,6,8,1,98400,3,69,3,518,4,1,3,17,13,617
482,7,2,7,4,3,30695,11,21,5,184,4,6,3,35,26,586
1557,3,2,6,4,1,50750,5,11,3,240,2,9,3,33,21,3916
504,4,2,4,6,3,40295,10,122,3,283,4,5,3,25,17,1013
290,3,2,6,4,1,34850,7,4,4,240,2,9,1,35,23,3916
721,7,4,7,4,3,24345,2,6,3,184,4,7,1,35,26,586
824,11,2,5,4,3,45750,3,136,5,250,4,1,2,26,22,870
1346,4,2,4,6,3,33695,10,122,3,283,4,5,3,25,17,1013
1434,2,2,1,6,1,48100,3,92,4,240,4,1,3,31,24,3105
53,3,2,6,8,4,69100,2,17,3,445,4,7,2,25,16,3916
677,3,2,6,4,1,52500,11,16,4,240,4,9,2,34,22,3916
1829,10,2,7,6,2,32580,9,55,5,261,4,6,1,21,15,2009
146,3,2,1,4,4,40250,11,7,5,180,4,2,3,42,32,3916
1286,10,2,7,6,1,34400,3,84,5,260,4,1,3,28,21,2009
686,3,1,6,8,4,113400,7,75,4,552,2,4,3,20,14,3916
324,11,2,7,4,3,34150,11,105,4,240,4,9,3,38,26,870
169,3,1,6,6,4,65800,5,138,3,335,2,9,1,24,17,3916
974,2,2,6,4,1,51900,3,92,3,245,4,1,3,30,24,3105
1501,5,4,5,4,3,20695,12,19,3,160,4,6,1,33,25,819
810,3,2,6,8,1,98800,3,131,5,567,4,1,3,19,14,3916
1574,3,2,6,8,1,94200,11,23,5,445,4,9,2,24,15,3916
1430,10,2,7,6,2,25440,3,137,2,261,4,6,3,20,15,2009
107,10,2,7,8,4,43600,3,38,3,317,4,6,2,19,13,2009
1710,6,1,6,8,4,257412,5,13,1,562,2,3,1,17,13,2774
1692,11,2,5,4,1,45950,3,136,4,250,4,1,2,25,22,870
634,8,2,6,8,1,98650,11,100,4,449,4,9,2,26,16,617
258,8,2,6,4,4,41675,11,40,5,241,4,9,3,34,24,617
977,2,2,6,4,3,38000,11,26,4,220,4,9,3,31,22,3105
474,3,2,6,4,1,35150,11,7,4,180,4,9,3,35,23,3916
48,3,2,6,8,4,90900,11,23,4,445,4,9,2,25,17,3916
90,3,2,6,6,4,53900,3,130,3,300,4,1,3,27,19,3916
1149,10,2,7,8,4,31940,9,121,3,317,4,5,2,18,13,2009
815,7,2,7,4,3,22270,10,15,2,157,4,6,1,28,22,586
1435,3,1,6,8,4,93600,11,74,3,560,4,4,2,20,14,3916
1389,2,1,6,8,1,124900,7,95,3,430,2,9,1,23,14,3105
638,3,2,1,4,1,42000,3,128,3,180,4,1,3,34,27,3916
959,3,2,6,8,4,88700,7,22,4,445,2,9,3,25,17,3916
701,7,4,7,4,3,23945,11,21,4,184,4,6,3,37,25,586
507,2,1,5,4,3,41100,11,26,5,252,4,9,3,33,25,3105
776,10,2,7,6,2,32080,9,55,4,261,4,6,1,21,15,2009
1237,10,2,7,6,2,35610,8,55,4,261,4,6,1,21,15,2009
463,2,2,6,8,1,114900,11,108,4,520,4,4,2,25,16,3105
1165,2,2,1,6,1,59900,3,93,3,240,4,1,2,28,19,3105
381,3,4,6,6,4,74200,5,72,4,425,2,4,3,26,17,3916
1724,3,2,6,4,4,32850,7,4,4,240,2,9,1,35,23,3916
1593,7,2,7,4,3,23795,11,6,3,155,4,6,1,41,30,586
493,7,2,7,4,3,24795,11,6,4,184,4,10,1,39,28,586
22,3,2,6,4,1,43000,2,8,4,240,4,7,3,34,22,3916
1729,3,2,5,4,1,44150,7,11,5,248,2,9,3,33,23,3916
1354,10,2,6,6,4,34870,7,10,5,332,2,8,1,26,19,2009
1318,4,2,7,6,1,40570,11,9,3,292,4,6,2,27,18,1013
1341,11,2,7,6,1,36900,12,135,3,240,4,1,3,25,18,870
449,11,2,7,5,1,47175,12,135,4,250,4,1,3,26,19,870
795,10,2,7,6,3,43180,10,94,3,260,4,6,1,27,20,2009
175,2,4,6,6,1,53100,7,103,5,333,2,4,3,26,17,3105
1696,2,1,5,4,3,37600,5,25,5,186,2,9,1,34,25,3105
37,10,4,6,6,4,45490,7,10,4,350,2,4,1,26,18,2009
1442,10,2,7,6,2,43250,3,90,3,260,4,1,2,26,19,2009
1012,8,2,6,8,1,107800,11,45,4,577,4,4,3,22,16,617
1513,3,2,5,4,1,40750,11,7,5,248,4,9,3,33,23,3916
201,8,2,1,4,1,38980,3,62,2,200,4,1,3,33,24,617
1058,3,2,6,4,4,40750,7,11,3,240,2,9,3,35,23,3916
127,7,2,7,4,1,29870,3,47,4,184,4,1,3,30,24,586
1039,9,2,7,3,3,14095,2,82,3,74,4,7,1,44,37,436
464,9,4,7,4,3,20595,11,66,3,168,4,6,1,31,22,436
954,7,2,7,4,3,27970,3,47,3,184,4,1,3,32,25,586
775,10,2,7,8,2,37810,8,121,5,390,4,6,2,21,15,2009
1409,4,2,4,6,3,29995,10,122,3,283,4,5,3,25,17,1013
339,10,2,7,6,3,32690,11,37,5,270,4,10,3,32,22,2009
981,10,2,7,6,1,34220,3,84,3,260,4,1,3,28,21,2009
837,2,1,5,4,3,37300,11,26,5,252,4,9,3,33,25,3105
1311,10,2,7,8,2,32210,9,121,2,317,4,5,2,17,12,2009
1544,8,3,2,0,3,39900,2,39,5,177,4,7,1,82,85,617
1268,9,2,7,4,1,26495,3,87,5,166,4,1,3,29,24,436
1554,10,2,7,6,2,35160,8,55,5,261,4,6,1,21,15,2009
212,10,2,7,4,3,22300,11,37,3,182,4,6,3,38,27,2009
486,2,2,5,4,1,50450,11,29,3,220,4,9,3,29,20,3105
1431,10,2,7,6,2,31470,3,90,3,260,4,1,2,26,19,2009
448,2,1,1,4,3,35150,11,25,3,150,4,2,1,43,31,3105
1740,8,2,6,4,4,47000,5,113,4,241,2,9,1,32,25,617
1037,7,4,7,4,3,16945,11,6,3,155,4,6,1,41,29,586
429,3,1,6,8,4,117500,11,76,5,560,4,4,2,20,14,3916
126,10,2,7,6,3,43230,10,94,4,260,4,6,1,27,20,2009
1541,3,2,6,6,4,55600,11,16,3,302,4,9,2,31,20,3916
427,10,2,6,6,4,39270,7,10,5,332,2,8,1,26,19,2009
1657,5,4,5,4,3,22495,1,18,3,160,2,7,1,34,28,819
372,10,2,7,4,3,40130,3,84,4,250,4,1,3,31,28,2009
505,10,2,7,4,1,24140,3,98,3,170,4,1,3,32,25,2009
500,10,2,7,8,4,32060,8,121,3,317,4,5,2,18,13,2009
385,7,2,7,4,3,30195,11,21,4,184,4,6,3,38,26,586
1591,9,4,7,4,3,17795,11,66,5,148,4,6,1,33,24,436
183,10,2,7,6,2,31370,3,137,2,261,4,6,3,20,15,2009
536,2,1,6,8,1,82500,11,107,3,420,4,4,2,27,17,3105
420,2,1,1,4,3,36700,11,25,4,150,4,2,1,43,31,3105
1488,10,2,7,4,4,20960,9,55,4,152,4,6,1,23,17,2009
361,3,2,6,6,1,49950,11,12,4,300,4,9,3,30,20,3916
1297,7,2,7,4,3,25245,11,21,5,184,4,6,3,35,26,586
1027,10,2,7,6,2,34840,3,90,4,260,4,1,2,26,19,2009
889,2,4,6,8,1,114900,7,95,2,430,2,9,1,20,11,3105
1418,10,2,7,6,2,34670,3,90,5,284,4,1,2,26,19,2009
905,2,2,1,6,1,52900,3,93,2,240,4,1,2,28,19,3105
653,8,2,6,6,4,53100,11,52,4,302,4,9,3,29,20,617
1343,4,2,7,6,4,31695,11,9,3,292,4,6,2,31,19,1013
1745,5,4,5,4,3,19495,12,19,4,160,4,6,1,33,25,819
1825,3,2,6,6,1,63200,2,17,4,300,4,7,2,26,18,3916
1520,5,4,5,4,4,27495,5,2,5,160,2,10,1,35,26,819
1504,4,2,4,6,1,30825,11,5,3,295,4,5,3,29,18,1013
969,10,2,7,6,3,41560,3,90,3,260,4,1,2,27,20,2009
1701,2,2,6,6,1,46000,3,92,4,272,4,1,3,26,18,3105
1800,2,2,6,6,1,45400,3,92,3,272,4,1,3,26,18,3105
1026,3,2,6,6,4,55500,3,130,5,300,4,1,3,25,18,3916
70,8,2,1,4,1,54300,11,52,3,195,4,2,3,38,27,617
761,2,4,6,4,1,37000,11,26,4,220,4,9,3,32,22,3105
1689,10,4,7,6,2,28910,8,55,4,261,4,6,1,21,16,2009
1500,10,2,7,8,2,52780,3,38,3,317,4,6,2,18,12,2009
612,2,2,6,6,1,54800,3,93,5,333,4,1,2,25,19,3105
410,10,2,7,4,3,22560,11,37,3,182,4,6,3,38,27,2009
1061,2,1,5,4,1,48000,11,26,5,252,4,9,3,31,24,3105
145,3,4,6,6,4,64000,11,71,5,425,4,4,3,26,17,3916
1085,2,2,3,4,1,40900,3,92,5,220,4,1,3,27,20,3105
294,8,2,6,6,4,86950,5,111,5,362,2,9,1,28,20,617
1652,3,1,6,8,4,120000,5,75,5,560,2,4,3,22,15,3916
1505,3,2,1,6,1,59300,3,130,5,255,4,1,3,30,23,3916
639,5,4,5,4,3,17900,1,18,4,101,2,7,1,40,31,819
1065,3,2,6,6,4,61900,11,35,3,335,4,9,2,30,23,3916
247,2,1,6,6,1,50200,11,102,4,333,4,4,3,28,18,3105
567,10,2,7,6,3,29970,10,94,2,260,4,6,1,25,19,2009
1763,11,2,7,4,3,41450,3,134,3,302,4,1,3,30,22,870
1121,10,2,7,8,2,43810,3,38,3,317,4,6,2,18,12,2009
152,10,1,5,6,1,101770,7,64,3,545,2,8,3,23,16,2009
430,10,4,7,6,2,26670,3,137,3,261,4,6,3,20,15,2009
1077,4,2,4,6,3,37345,10,122,4,283,4,5,3,25,17,1013
1584,11,2,7,4,3,36800,11,105,5,240,4,9,3,36,25,870
243,10,2,7,4,3,21330,4,86,5,131,4,6,1,26,24,2009
1189,2,1,6,4,1,48400,11,101,5,292,4,4,1,28,21,3105
15,11,2,7,4,3,43300,11,105,4,302,4,9,3,33,23,870
1103,3,2,6,4,1,40650,5,4,4,240,2,9,1,34,22,3916
1151,8,2,6,6,4,63100,11,52,4,329,4,9,3,29,20,617
739,10,2,7,4,3,13540,11,125,4,109,4,6,1,35,26,2009
919,10,4,7,6,4,25860,8,55,3,261,4,6,1,22,16,2009
1449,9,2,7,4,3,22995,3,87,4,166,4,1,3,31,25,436
1687,10,2,6,6,4,34870,7,10,3,332,2,8,1,26,19,2009
1790,10,2,5,4,3,20250,2,65,5,188,4,1,1,32,28,2009
511,10,2,7,8,4,46380,8,121,5,390,4,6,2,21,15,2009
589,9,2,7,4,1,20295,11,66,5,168,4,6,1,30,23,436
1131,8,2,6,6,1,52000,11,40,5,362,4,4,3,29,21,617
1817,3,2,6,6,4,48150,7,11,4,300,2,9,3,31,20,3916
1597,10,2,7,6,3,29830,3,90,4,260,4,1,2,27,20,2009
